{
  "1": [
    {
      "countryCode": "US",
      "localAreaCodes" : [
        "208",
        "803",
        "843",
        "864",
        "702",
        "725",
        "775",
        "405",
        "539",
        "580",
        "918",
        "207",
        "303",
        "719",
        "720",
        "970",
        "212",
        "315",
        "347",
        "516",
        "518",
        "585",
        "607",
        "631",
        "646",
        "716",
        "718",
        "845",
        "914",
        "917",
        "929",
        "319",
        "515",
        "563",
        "641",
        "712",
        "808",
        "605",
        "340",
        "252",
        "336",
        "704",
        "828",
        "910",
        "919",
        "980",
        "984",
        "480",
        "520",
        "602",
        "623",
        "928",
        "603",
        "206",
        "253",
        "360",
        "425",
        "509",
        "670",
        "231",
        "248",
        "269",
        "313",
        "517",
        "586",
        "616",
        "734",
        "810",
        "906",
        "947",
        "989",
        "205",
        "251",
        "256",
        "334",
        "938",
        "262",
        "414",
        "534",
        "608",
        "715",
        "920",
        "385",
        "435",
        "801",
        "314",
        "417",
        "573",
        "636",
        "660",
        "816",
        "479",
        "501",
        "870",
        "270",
        "502",
        "606",
        "859",
        "210",
        "214",
        "254",
        "281",
        "325",
        "346",
        "361",
        "409",
        "430",
        "432",
        "469",
        "512",
        "682",
        "713",
        "737",
        "806",
        "817",
        "830",
        "832",
        "903",
        "915",
        "936",
        "940",
        "956",
        "972",
        "979",
        "505",
        "575",
        "228",
        "601",
        "662",
        "769",
        "218",
        "320",
        "507",
        "612",
        "651",
        "763",
        "952",
        "215",
        "267",
        "272",
        "412",
        "484",
        "570",
        "610",
        "717",
        "724",
        "814",
        "878",
        "307",
        "684",
        "302",
        "339",
        "351",
        "413",
        "508",
        "617",
        "774",
        "781",
        "857",
        "978",
        "304",
        "681",
        "401",
        "787",
        "939",
        "308",
        "402",
        "531",
        "203",
        "475",
        "860",
        "239",
        "305",
        "321",
        "352",
        "386",
        "407",
        "561",
        "727",
        "754",
        "772",
        "786",
        "813",
        "850",
        "863",
        "904",
        "941",
        "954",
        "219",
        "260",
        "317",
        "574",
        "765",
        "812",
        "802",
        "671",
        "423",
        "615",
        "731",
        "865",
        "901",
        "931",
        "907",
        "229",
        "404",
        "470",
        "478",
        "678",
        "706",
        "762",
        "770",
        "912",
        "316",
        "620",
        "785",
        "913",
        "216",
        "234",
        "330",
        "419",
        "440",
        "513",
        "567",
        "614",
        "740",
        "937",
        "225",
        "318",
        "337",
        "504",
        "985",
        "217",
        "224",
        "309",
        "312",
        "331",
        "618",
        "630",
        "708",
        "773",
        "779",
        "815",
        "847",
        "872",
        "701",
        "406",
        "276",
        "434",
        "540",
        "571",
        "703",
        "757",
        "804",
        "458",
        "503",
        "541",
        "971",
        "240",
        "301",
        "410",
        "443",
        "667",
        "201",
        "551",
        "609",
        "732",
        "848",
        "856",
        "862",
        "908",
        "973",
        "202",
        "209",
        "213",
        "310",
        "323",
        "408",
        "415",
        "424",
        "442",
        "510",
        "530",
        "559",
        "562",
        "619",
        "626",
        "650",
        "657",
        "661",
        "669",
        "707",
        "714",
        "747",
        "760",
        "805",
        "818",
        "831",
        "858",
        "909",
        "916",
        "925",
        "949",
        "951"
        ]
    },
    {
      "countryCode": "CA",
      "localAreaCodes": [
        "204",
        "226",
        "236",
        "249",
        "250",
        "289",
        "306",
        "343",
        "365",
        "403",
        "416",
        "418",
        "431",
        "437",
        "438",
        "450",
        "506",
        "514",
        "519",
        "548",
        "579",
        "581",
        "587",
        "604",
        "613",
        "639",
        "647",
        "705",
        "709",
        "778",
        "780",
        "782",
        "807",
        "819",
        "825",
        "867",
        "873",
        "888",
        "902",
        "905"
        ]
    }
  ]
}
